idx	bin	caption	ISOPleasant	LA50
0	pleasant	R0121, birdsong, moderately loud. pleasant soundscape.	0.4571067811865475	60.7
1	neutral	R0012, silence, moderately quiet. neutral soundscape.	0.0808058261758407	59.48
2	unpleasant	R0046, wind, moderately quiet. unpleasant soundscape.	-0.2803300858899107	55.27
3	neutral	R0057, silence, moderately quiet. neutral soundscape.	0.1380711874576983	58.21
4	neutral	R0028, silence, moderately loud. neutral soundscape.	-0.1174174785275223	60.44
5	very_unpleasant	R0089, construction noise, loud. very unpleasant soundscape.	-0.7803300858899106	70.46
6	unpleasant	R0129, wind, loud. unpleasant soundscape.	-0.4267766952966368	70.13
7	very_pleasant	R0025, birdsong, moderately quiet. very pleasant soundscape.	0.8964466094067263	51.17
8	neutral	R0116, flowing water, moderately loud. neutral soundscape.	-0.1338834764831842	66.92
9	pleasant	R0070, birdsong, loud. pleasant soundscape.	0.5	70.4
10	unpleasant	R0096, wind, moderately loud. unpleasant soundscape.	-0.1767766952966368	68.0
11	neutral	R0096, construction noise, moderately loud. neutral soundscape.	-0.1338834764831843	66.81
12	very_unpleasant	R0041, flowing water, loud. very unpleasant soundscape.	-0.6464466094067263	71.05
13	pleasant	R0119, birdsong, moderately quiet. pleasant soundscape.	0.4142135623730948	57.76
14	neutral	R0011, flowing water, moderately loud. neutral soundscape.	0.0428932188134524	64.37
15	pleasant	R0033, flowing water, moderately loud. pleasant soundscape.	0.3232233047033631	60.11
16	pleasant	R0069, construction noise, moderately loud. pleasant soundscape.	0.5	62.3
17	unpleasant	R0024, birdsong, moderately loud. unpleasant soundscape.	-0.2803300858899106	63.37
18	very_unpleasant	R0096, construction noise, moderately loud. very unpleasant soundscape.	-0.5732233047033631	69.07
19	unpleasant	R0088, construction noise, moderately loud. unpleasant soundscape.	-0.3535533905932737	67.68
20	pleasant	R0114, flowing water, moderately loud. pleasant soundscape.	0.5	60.01
21	pleasant	R0054, traffic noise, moderately quiet. pleasant soundscape.	0.3535533905932737	55.28
22	unpleasant	R0096, traffic noise, loud. unpleasant soundscape.	-0.4874368670764581	72.32
23	very_unpleasant	R0076, wind, moderately loud. very unpleasant soundscape.	-0.6035533905932737	69.27
24	neutral	R0103, birdsong, moderately loud. neutral soundscape.	-0.0606601717798212	69.18
25	unpleasant	R0045, wind, moderately loud. unpleasant soundscape.	-0.3535533905932738	60.39
26	very_pleasant	R0081, silence, moderately loud. very pleasant soundscape.	0.5959708691207961	60.25
27	neutral	R0107, traffic noise, moderately quiet. neutral soundscape.	-0.1161165235168156	57.32
28	pleasant	R0009, traffic noise, moderately loud. pleasant soundscape.	0.2803300858899106	61.85
29	unpleasant	R0061, traffic noise, moderately loud. unpleasant soundscape.	-0.2803300858899106	68.63
30	very_pleasant	R0060, traffic noise, moderately loud. very pleasant soundscape.	0.7196699141100894	61.54
31	pleasant	R0049, silence, moderately quiet. pleasant soundscape.	0.1843592167691145	51.79
32	pleasant	R0087, silence, moderately loud. pleasant soundscape.	0.3232233047033632	67.41
33	unpleasant	R0121, flowing water, moderately quiet. unpleasant soundscape.	-0.2499999999999999	56.78
34	unpleasant	R0064, flowing water, moderately loud. unpleasant soundscape.	-0.3106601717798212	66.76
35	pleasant	R0056, birdsong, moderately loud. pleasant soundscape.	0.4267766952966368	62.29
36	pleasant	R0006, wind, moderately loud. pleasant soundscape.	0.2071067811865475	60.32
37	neutral	R0070, traffic noise, moderately loud. neutral soundscape.	0.1161165235168156	69.25
38	pleasant	R0114, wind, moderately loud. pleasant soundscape.	0.414213562373095	60.02
39	pleasant	R0026, construction noise, moderately quiet. pleasant soundscape.	0.25	58.06
40	very_pleasant	R0040, birdsong, moderately loud. very pleasant soundscape.	0.926776695296637	61.49
41	unpleasant	R0070, silence, moderately loud. unpleasant soundscape.	-0.3434433619633035	69.08
42	neutral	R0012, wind, moderately loud. neutral soundscape.	5.748367925732732e-18	60.93
43	very_unpleasant	R0109, construction noise, loud. very unpleasant soundscape.	-0.7071067811865474	70.72
44	neutral	R0090, birdsong, moderately loud. neutral soundscape.	-0.1464466094067262	68.83
45	unpleasant	R0008, construction noise, moderately quiet. unpleasant soundscape.	-0.4267766952966369	54.32
46	neutral	R0131, wind, moderately loud. neutral soundscape.	0.1035533905932737	68.6
47	neutral	R0056, wind, moderately loud. neutral soundscape.	-0.1464466094067263	63.39
48	very_pleasant	R0057, flowing water, moderately loud. very pleasant soundscape.	0.7500000000000001	62.64
49	very_unpleasant	R0015, construction noise, moderately loud. very unpleasant soundscape.	-0.7071067811865476	67.83
